CLASS_NM,BASE_YY,SIDO_NM,KIN_CLSNT,ELEM_CLSNT,MID_CLSNT,HIGH_CLSNT,KIN_STDNT,ELEM_STDNT,MID_STDNT,HIGH_STDNT
일반학급,2010,강원,50,137,121,54,56,152,149,66
일반학급,2010,경기,248,944,496,794,275,1004,523,910
일반학급,2010,경남,114,472,244,285,123,528,268,320
일반학급,2010,경북,72,313,160,101,78,395,204,149
일반학급,2010,광주,41,116,42,38,47,134,42,43
일반학급,2010,대구,88,207,166,281,102,207,173,292
일반학급,2010,대전,58,289,158,132,59,307,173,147
일반학급,2010,부산,215,189,102,165,237,244,134,172
일반학급,2010,서울,175,679,387,542,196,749,441,619
일반학급,2010,울산,47,307,152,153,57,312,155,174
일반학급,2010,인천,106,167,108,89,112,173,128,97
일반학급,2010,전남,31,121,122,103,36,131,140,112
일반학급,2010,전북,59,313,193,132,67,333,210,153
일반학급,2010,제주,33,116,33,68,36,128,38,59
일반학급,2010,충남,69,265,115,153,76,283,139,163
일반학급,2010,충북,53,210,166,216,59,233,183,241
일반학급,2011,강원,36,174,137,86,39,189,176,107
일반학급,2011,경기,217,992,546,794,244,1023,590,867
일반학급,2011,경남,120,513,311,341,139,545,345,386
일반학급,2011,경북,52,369,222,219,57,396,241,238
일반학급,2011,광주,62,147,70,45,66,152,75,50
일반학급,2011,대구,104,219,160,296,110,223,166,313
일반학급,2011,대전,68,270,167,158,79,285,182,166
일반학급,2011,부산,250,353,219,167,295,364,223,170
일반학급,2011,서울,194,708,407,529,223,739,446,552
일반학급,2011,울산,38,312,166,164,40,317,172,189
일반학급,2011,인천,127,194,123,119,135,200,148,132
일반학급,2011,전남,42,118,141,116,45,126,124,125
일반학급,2011,전북,53,327,198,182,55,347,219,211
일반학급,2011,제주,37,174,80,71,40,182,88,78
일반학급,2011,충남,22,232,82,121,26,241,97,136
일반학급,2011,충북,59,247,172,240,67,266,186,288
일반학급,2012,강원,34,160,159,88,41,181,189,116
일반학급,2012,경기,256,1027,578,820,273,1068,614,892
일반학급,2012,경남,103,496,355,354,117,518,401,397
일반학급,2012,경북,60,359,227,221,63,380,255,250
일반학급,2012,광주,68,170,91,67,76,177,95,78
일반학급,2012,대구,107,265,217,290,112,268,229,303
일반학급,2012,대전,70,266,168,171,78,278,177,181
일반학급,2012,부산,226,457,287,206,279,474,292,228
일반학급,2012,서울,181,751,501,550,195,771,529,589
일반학급,2012,울산,52,307,172,167,60,319,183,187
일반학급,2012,인천,142,252,145,151,159,274,159,175
일반학급,2012,전남,31,154,98,127,32,159,111,128
일반학급,2012,전북,42,328,207,214,50,331,224,237
일반학급,2012,제주,28,137,59,62,30,156,60,66
일반학급,2012,충남,77,269,91,103,85,281,95,115
일반학급,2012,충북,49,248,177,267,55,265,196,291
일반학급,2013,강원,45,177,164,96,45,177,193,111
일반학급,2013,경기,228,994,621,791,239,1017,661,848
일반학급,2013,경남,136,437,394,363,144,465,442,400
일반학급,2013,경북,87,335,235,226,100,373,259,261
일반학급,2013,광주,85,190,107,89,92,195,110,99
일반학급,2013,대구,131,323,277,292,144,335,296,319
일반학급,2013,대전,59,231,144,149,68,253,164,166
일반학급,2013,부산,270,512,291,261,327,528,298,298
일반학급,2013,서울,206,772,495,587,236,794,526,606
일반학급,2013,세종,0,9,3,1,0,10,3,1
일반학급,2013,울산,49,265,148,166,57,271,155,182
일반학급,2013,인천,177,248,147,189,210,275,156,228
일반학급,2013,전남,33,159,126,119,27,132,81,103
일반학급,2013,전북,54,235,182,210,61,307,221,220
일반학급,2013,제주,21,147,49,53,27,163,54,54
일반학급,2013,충남,77,214,96,75,92,221,105,81
일반학급,2013,충북,52,262,174,259,58,282,201,303
일반학급,2014,강원,41,150,143,95,43,164,174,113
일반학급,2014,경기,172,988,561,603,181,1020,589,653
일반학급,2014,경남,90,454,398,330,100,465,422,366
일반학급,2014,경북,73,347,234,259,79,366,258,261
일반학급,2014,광주,70,196,121,105,76,201,125,109
일반학급,2014,대구,134,408,257,263,140,419,280,280
일반학급,2014,대전,48,228,151,148,55,236,161,159
일반학급,2014,부산,270,540,274,299,314,574,285,331
일반학급,2014,서울,207,802,497,564,225,821,533,602
일반학급,2014,세종,2,9,4,3,2,10,4,4
일반학급,2014,울산,28,237,148,159,29,247,159,182
일반학급,2014,인천,181,337,150,205,212,357,170,234
일반학급,2014,전남,40,170,121,127,44,185,129,140
일반학급,2014,전북,63,292,171,203,66,313,181,213
일반학급,2014,제주,20,140,56,57,22,159,59,61
일반학급,2014,충남,53,248,98,76,63,260,104,80
일반학급,2014,충북,51,259,194,249,56,245,195,283
일반학급,2015,강원,44,97,113,107,68,149,190,125
일반학급,2015,경기,180,984,563,548,180,1018,586,550
일반학급,2015,경남,95,449,310,397,111,470,337,435
일반학급,2015,경북,58,354,247,228,61,347,260,227
일반학급,2015,광주,60,206,145,125,64,208,147,132
일반학급,2015,대구,145,442,237,263,151,453,249,269
일반학급,2015,대전,49,236,140,135,55,246,148,148
일반학급,2015,부산,279,609,255,320,329,641,262,340
일반학급,2015,서울,176,846,496,545,242,869,511,605
일반학급,2015,세종,1,4,0,0,1,4,0,0
일반학급,2015,울산,35,212,144,157,37,220,150,174
일반학급,2015,인천,225,381,167,212,276,425,188,238
일반학급,2015,전남,31,145,100,85,32,151,102,98
일반학급,2015,전북,54,278,165,219,60,289,173,213
일반학급,2015,제주,21,152,69,62,30,157,72,67
일반학급,2015,충남,47,230,94,97,52,248,99,101
일반학급,2015,충북,67,221,168,254,73,233,180,296
일반학급,2016,강원,56,144,145,123,61,164,132,141
일반학급,2016,경기,164,980,549,544,173,1022,567,565
일반학급,2016,경남,111,401,302,426,129,412,317,461
일반학급,2016,경북,65,354,218,250,72,363,235,290
일반학급,2016,광주,41,189,118,131,42,201,120,143
일반학급,2016,대구,114,458,203,290,129,468,211,323
일반학급,2016,대전,45,224,128,133,52,228,133,145
일반학급,2016,부산,236,594,259,317,272,626,281,323
일반학급,2016,서울,213,803,460,657,232,823,472,698
일반학급,2016,세종,3,9,5,8,3,9,5,8
일반학급,2016,울산,57,246,111,150,62,252,115,155
일반학급,2016,인천,203,412,165,214,241,447,186,239
일반학급,2016,전남,43,138,80,62,44,140,82,65
일반학급,2016,전북,54,260,170,181,62,268,180,199
일반학급,2016,제주,25,149,65,60,31,154,67,71
일반학급,2016,충남,48,202,103,114,58,205,106,120
일반학급,2016,충북,65,202,159,274,81,211,164,288
일반학급,2017,강원,52,136,101,120,55,144,101,136
일반학급,2017,경기,166,1099,550,645,177,1125,569,678
일반학급,2017,경남,124,428,278,435,135,451,300,469
일반학급,2017,경북,69,345,215,229,81,365,230,247
일반학급,2017,광주,44,216,121,138,49,219,132,151
일반학급,2017,대구,99,458,230,264,111,463,236,295
일반학급,2017,대전,41,212,112,130,48,218,119,145
일반학급,2017,부산,205,608,309,290,257,634,324,314
일반학급,2017,서울,174,868,471,650,192,892,494,705
일반학급,2017,세종,1,18,6,9,2,18,6,9
일반학급,2017,울산,62,229,105,148,72,236,107,158
일반학급,2017,인천,195,424,173,204,229,448,191,242
일반학급,2017,전남,38,132,66,39,39,133,66,41
일반학급,2017,전북,77,269,184,175,88,280,192,187
일반학급,2017,제주,21,155,63,76,35,160,64,80
일반학급,2017,충남,55,238,91,115,63,244,96,121
일반학급,2017,충북,63,206,143,238,93,219,150,260
일반학급,2018,강원,37,138,90,159,44,147,93,144
일반학급,2018,경기,197,1259,556,701,211,1287,575,739
일반학급,2018,경남,117,447,278,345,136,463,295,368
일반학급,2018,경북,91,359,179,224,99,379,185,239
일반학급,2018,광주,35,204,122,130,40,217,125,142
일반학급,2018,대구,131,504,231,267,140,514,237,302
일반학급,2018,대전,48,206,97,119,53,216,100,149
일반학급,2018,부산,197,594,329,263,237,627,343,288
일반학급,2018,서울,144,847,450,619,154,864,462,668
일반학급,2018,세종,3,25,7,10,3,25,7,10
일반학급,2018,울산,53,239,91,122,55,247,95,142
일반학급,2018,인천,148,471,179,205,169,507,188,225
일반학급,2018,전남,33,137,77,31,34,141,79,32
일반학급,2018,전북,67,304,164,207,75,311,172,210
일반학급,2018,제주,37,172,62,80,45,176,65,95
일반학급,2018,충남,52,217,92,94,67,228,95,101
일반학급,2018,충북,58,231,129,201,66,268,148,232
일반학급,2019,강원,28,156,98,126,29,166,104,140
일반학급,2019,경기,225,1443,569,679,232,1491,596,720
일반학급,2019,경남,125,489,270,318,133,500,280,349
일반학급,2019,경북,130,347,197,190,134,367,206,204
일반학급,2019,광주,39,220,98,121,47,232,108,137
일반학급,2019,대구,127,570,224,249,135,584,234,275
일반학급,2019,대전,53,188,100,102,55,189,104,113
일반학급,2019,부산,215,598,323,276,242,631,336,296
일반학급,2019,서울,101,877,443,554,113,884,457,582
일반학급,2019,세종,5,39,16,14,5,39,16,14
일반학급,2019,울산,37,255,86,105,38,261,88,114
일반학급,2019,인천,143,546,196,183,165,564,203,193
일반학급,2019,전남,29,121,67,40,30,126,68,40
일반학급,2019,전북,88,323,150,205,136,336,157,222
일반학급,2019,제주,39,180,64,81,49,194,65,89
일반학급,2019,충남,51,220,75,70,55,229,76,81
일반학급,2019,충북,37,254,127,170,40,265,138,186
일반학급,2020,강원,35,148,111,119,36,166,117,130
일반학급,2020,경기,210,1542,653,684,223,1589,671,728
일반학급,2020,경남,128,475,271,277,137,487,287,289
일반학급,2020,경북,148,382,201,192,169,405,212,205
일반학급,2020,광주,41,237,133,123,46,243,135,127
일반학급,2020,대구,172,572,236,257,188,582,243,287
일반학급,2020,대전,45,185,109,108,51,191,112,115
일반학급,2020,부산,240,638,307,297,276,663,316,314
일반학급,2020,서울,87,946,433,522,93,953,450,550
일반학급,2020,세종,2,41,17,14,2,41,17,16
일반학급,2020,울산,45,253,97,83,51,264,99,85
일반학급,2020,인천,156,562,214,177,174,585,226,189
일반학급,2020,전남,32,105,62,46,38,108,62,46
일반학급,2020,전북,100,351,146,172,110,370,155,179
일반학급,2020,제주,44,188,69,67,51,196,70,74
일반학급,2020,충남,52,200,61,63,56,209,65,70
일반학급,2020,충북,48,285,140,158,51,297,146,173
일반학급,2021,강원,36,158,111,111,38,170,124,118
일반학급,2021,경기,208,1629,688,658,211,1663,718,695
일반학급,2021,경남,126,479,274,272,142,492,288,292
일반학급,2021,경북,147,401,234,171,159,427,243,184
일반학급,2021,광주,45,260,139,106,58,268,147,114
일반학급,2021,대구,195,528,259,233,222,546,265,252
일반학급,2021,대전,40,192,123,105,47,196,125,111
일반학급,2021,부산,251,688,304,303,283,712,316,323
일반학급,2021,서울,82,950,462,498,85,970,476,524
일반학급,2021,세종,7,58,14,16,7,58,14,16
일반학급,2021,울산,54,252,110,84,57,258,111,87
일반학급,2021,인천,190,578,275,190,213,615,300,210
일반학급,2021,전남,34,115,75,59,35,120,76,60
일반학급,2021,전북,90,351,173,136,102,373,182,149
일반학급,2021,제주,35,191,79,57,42,201,80,64
일반학급,2021,충남,56,253,80,68,64,264,81,72
일반학급,2021,충북,45,275,151,155,61,293,161,170
특수학급,2010,강원,8,218,55,33,27,917,327,193
특수학급,2010,경기,76,1034,479,297,223,5313,2800,2090
특수학급,2010,경남,12,361,138,65,33,1790,752,473
특수학급,2010,경북,4,307,95,53,11,1196,467,370
특수학급,2010,광주,8,142,56,37,18,569,296,259
특수학급,2010,대구,7,201,70,44,12,1004,431,382
특수학급,2010,대전,21,128,53,39,71,717,323,292
특수학급,2010,부산,11,339,94,68,29,1582,631,520
특수학급,2010,서울,35,628,234,149,112,3353,1400,1358
특수학급,2010,울산,6,93,45,29,16,450,231,167
특수학급,2010,인천,31,281,91,77,75,1446,560,515
특수학급,2010,전남,17,242,89,51,61,1285,552,390
특수학급,2010,전북,8,210,50,24,24,853,330,193
특수학급,2010,제주,2,46,19,13,5,294,145,121
특수학급,2010,충남,21,305,117,67,76,1363,578,476
특수학급,2010,충북,7,147,63,41,22,754,407,286
특수학급,2011,강원,9,215,56,35,27,847,324,251
특수학급,2011,경기,84,1114,549,366,248,5300,3027,2471
특수학급,2011,경남,12,375,154,85,47,1736,812,540
특수학급,2011,경북,4,311,107,63,12,1181,525,394
특수학급,2011,광주,8,141,56,41,22,610,301,288
특수학급,2011,대구,11,211,81,51,34,961,481,425
특수학급,2011,대전,20,140,63,40,77,748,368,285
특수학급,2011,부산,12,328,104,75,34,1503,620,571
특수학급,2011,서울,36,652,241,165,117,3132,1524,1298
특수학급,2011,울산,7,104,47,33,20,500,248,200
특수학급,2011,인천,22,276,86,73,87,1463,594,540
특수학급,2011,전남,17,261,111,62,58,1255,598,448
특수학급,2011,전북,9,213,57,30,26,858,326,229
특수학급,2011,제주,3,77,59,13,6,215,132,106
특수학급,2011,충남,24,319,131,78,87,1316,652,499
특수학급,2011,충북,9,160,69,48,22,789,419,333
특수학급,2012,강원,13,210,60,40,46,803,355,274
특수학급,2012,경기,102,1174,606,436,304,5296,3164,2811
특수학급,2012,경남,16,381,169,95,64,1658,907,600
특수학급,2012,경북,7,316,118,74,18,1161,554,480
특수학급,2012,광주,8,144,66,49,32,599,358,339
특수학급,2012,대구,12,215,89,56,23,914,506,464
특수학급,2012,대전,31,144,69,43,95,728,352,312
특수학급,2012,부산,12,328,114,83,42,1383,665,622
특수학급,2012,서울,38,682,266,188,141,2944,1610,1409
특수학급,2012,울산,7,108,48,36,24,504,257,246
특수학급,2012,인천,24,277,100,75,104,1417,666,556
특수학급,2012,전남,21,261,129,71,64,1161,657,491
특수학급,2012,전북,9,216,69,36,22,795,356,266
특수학급,2012,제주,4,53,25,14,13,228,143,112
특수학급,2012,충남,26,322,143,89,102,1272,699,560
특수학급,2012,충북,14,168,73,50,44,832,410,369
특수학급,2013,강원,14,211,67,46,57,802,331,288
특수학급,2013,경기,111,1212,628,505,386,5204,3240,3065
특수학급,2013,경남,19,375,178,105,73,1517,945,663
특수학급,2013,경북,8,317,129,78,23,1144,643,508
특수학급,2013,광주,8,136,69,49,29,546,343,319
특수학급,2013,대구,12,220,95,61,18,907,514,500
특수학급,2013,대전,30,144,70,44,123,727,353,343
특수학급,2013,부산,14,330,119,83,52,1307,647,634
특수학급,2013,서울,40,686,282,214,176,2797,1644,1384
특수학급,2013,세종,1,18,8,5,4,60,38,39
특수학급,2013,울산,8,113,57,42,29,522,277,270
특수학급,2013,인천,28,289,107,81,126,1465,670,612
특수학급,2013,전남,22,262,138,80,70,1077,694,574
특수학급,2013,전북,10,222,72,44,29,774,369,326
특수학급,2013,제주,4,56,28,16,12,233,144,130
특수학급,2013,충남,31,311,141,92,116,1213,695,552
특수학급,2013,충북,20,183,80,58,71,792,476,424
특수학급,2014,강원,15,208,70,44,49,747,389,309
특수학급,2014,경기,149,1214,647,527,514,5112,3220,3300
특수학급,2014,경남,22,373,190,112,71,1467,922,723
특수학급,2014,경북,8,311,147,95,28,1100,643,593
특수학급,2014,광주,11,135,69,50,36,536,334,333
특수학급,2014,대구,15,223,95,65,36,854,502,533
특수학급,2014,대전,34,148,69,46,127,733,375,393
특수학급,2014,부산,17,326,126,85,67,1239,656,647
특수학급,2014,서울,45,677,287,236,204,2774,1618,1567
특수학급,2014,세종,4,19,10,8,12,58,45,40
특수학급,2014,울산,8,116,59,44,35,520,295,277
특수학급,2014,인천,42,287,114,85,170,1433,682,618
특수학급,2014,전남,25,259,138,87,69,1059,638,545
특수학급,2014,전북,9,219,76,47,24,759,396,364
특수학급,2014,제주,4,58,29,19,10,241,131,155
특수학급,2014,충남,35,310,137,99,142,1169,641,604
특수학급,2014,충북,21,190,90,60,81,785,486,453
특수학급,2015,강원,16,211,78,54,63,734,373,346
특수학급,2015,경기,175,1225,651,540,591,5231,3065,3521
특수학급,2015,경남,28,379,188,125,105,1544,853,813
특수학급,2015,경북,9,317,144,101,29,1180,602,631
특수학급,2015,광주,13,132,69,54,40,534,318,346
특수학급,2015,대구,15,223,97,71,43,817,468,523
특수학급,2015,대전,36,153,74,47,151,746,388,367
특수학급,2015,부산,18,326,125,89,70,1224,628,649
특수학급,2015,서울,54,667,291,244,238,2748,1440,1542
특수학급,2015,세종,10,27,15,10,23,93,49,48
특수학급,2015,울산,11,117,56,45,50,546,263,269
특수학급,2015,인천,54,290,114,92,210,1509,656,669
특수학급,2015,전남,28,257,139,85,88,1064,588,523
특수학급,2015,전북,12,218,75,44,47,752,379,356
특수학급,2015,제주,4,60,29,20,19,235,119,147
특수학급,2015,충남,40,314,138,103,161,1239,643,623
특수학급,2015,충북,28,205,95,65,111,795,480,450
특수학급,2016,강원,20,210,79,60,86,715,352,347
특수학급,2016,경기,198,1209,651,566,704,5212,2938,3572
특수학급,2016,경남,36,385,181,138,147,1596,767,849
특수학급,2016,경북,10,320,133,102,36,1126,548,655
특수학급,2016,광주,13,134,66,55,56,560,299,359
특수학급,2016,대구,20,228,99,75,68,860,447,509
특수학급,2016,대전,39,158,74,48,165,745,355,374
특수학급,2016,부산,20,319,123,90,71,1264,608,653
특수학급,2016,서울,59,677,289,247,260,2818,1305,1557
특수학급,2016,세종,17,33,15,10,43,106,54,47
특수학급,2016,울산,17,118,54,44,64,561,262,279
특수학급,2016,인천,56,302,117,100,255,1466,635,694
특수학급,2016,전남,31,257,132,96,99,1018,535,589
특수학급,2016,전북,17,224,78,52,57,755,382,371
특수학급,2016,제주,4,59,29,21,20,244,115,149
특수학급,2016,충남,46,316,138,112,217,1297,602,654
특수학급,2016,충북,37,206,95,69,156,849,398,474
특수학급,2017,강원,25,211,83,74,94,770,357,359
특수학급,2017,경기,230,1260,654,556,782,5596,2815,3473
특수학급,2017,경남,41,395,176,145,152,1726,710,851
특수학급,2017,경북,15,325,131,103,48,1160,542,630
특수학급,2017,광주,14,136,69,53,54,595,286,328
특수학급,2017,대구,27,234,98,74,80,904,463,511
특수학급,2017,대전,40,159,75,49,174,784,345,378
특수학급,2017,부산,25,319,124,90,93,1284,572,632
특수학급,2017,서울,63,684,285,250,271,2897,1235,1501
특수학급,2017,세종,19,38,17,11,58,117,55,45
특수학급,2017,울산,20,124,55,47,76,618,244,292
특수학급,2017,인천,62,310,121,106,279,1582,612,686
특수학급,2017,전남,38,265,132,98,119,1091,522,586
특수학급,2017,전북,18,225,78,53,58,784,355,371
특수학급,2017,제주,4,60,27,21,15,282,114,135
특수학급,2017,충남,53,325,144,113,239,1338,605,663
특수학급,2017,충북,37,211,95,73,171,872,424,487
특수학급,2018,강원,28,214,80,60,92,806,337,322
특수학급,2018,경기,285,1319,652,561,964,6025,2743,3311
특수학급,2018,경남,44,411,180,143,165,1871,738,795
특수학급,2018,경북,15,341,131,108,50,1248,548,599
특수학급,2018,광주,15,140,64,53,62,650,258,317
특수학급,2018,대구,28,238,97,74,95,982,459,489
특수학급,2018,대전,45,165,79,57,170,811,355,402
특수학급,2018,부산,27,323,125,91,103,1351,527,636
특수학급,2018,서울,73,697,289,252,313,3114,1233,1396
특수학급,2018,세종,22,44,19,11,66,153,57,49
특수학급,2018,울산,24,131,55,46,86,664,236,262
특수학급,2018,인천,68,323,119,108,259,1688,563,644
특수학급,2018,전남,40,277,134,100,114,1156,515,567
특수학급,2018,전북,22,237,83,60,77,881,348,346
특수학급,2018,제주,5,64,27,20,16,346,116,129
특수학급,2018,충남,70,334,143,115,252,1476,557,679
특수학급,2018,충북,42,222,95,79,174,947,400,479
특수학급,2019,강원,29,217,80,57,103,872,302,316
특수학급,2019,경기,316,1406,657,551,1079,6689,2712,3193
특수학급,2019,경남,54,444,182,140,196,2045,752,737
특수학급,2019,경북,19,361,135,109,65,1381,540,583
특수학급,2019,광주,16,147,61,51,67,712,245,297
특수학급,2019,대구,34,246,101,72,132,1008,429,464
특수학급,2019,대전,48,171,79,59,176,873,332,379
특수학급,2019,부산,28,333,122,92,118,1508,489,628
특수학급,2019,서울,83,729,291,255,337,3312,1265,1332
특수학급,2019,세종,25,50,21,13,81,171,55,57
특수학급,2019,울산,27,135,56,47,101,644,267,254
특수학급,2019,인천,70,345,118,112,259,1821,593,647
특수학급,2019,전남,44,312,126,97,126,1301,502,526
특수학급,2019,전북,28,247,84,62,98,944,327,341
특수학급,2019,제주,7,74,28,21,32,379,122,128
특수학급,2019,충남,70,355,144,115,264,1625,558,658
특수학급,2019,충북,51,235,99,79,188,997,417,438
특수학급,2020,강원,31,218,82,56,107,927,308,304
특수학급,2020,경기,357,1520,672,553,1184,7168,2845,3029
특수학급,2020,경남,61,473,201,141,227,2168,836,730
특수학급,2020,경북,27,374,145,110,88,1486,537,571
특수학급,2020,광주,18,157,65,51,79,758,265,297
특수학급,2020,대구,36,252,97,74,133,1040,417,483
특수학급,2020,대전,51,173,83,60,203,846,376,362
특수학급,2020,부산,37,343,123,91,144,1593,520,611
특수학급,2020,서울,109,761,297,259,390,3379,1271,1290
특수학급,2020,세종,29,56,22,15,88,202,56,64
특수학급,2020,울산,30,144,62,47,115,685,282,250
특수학급,2020,인천,78,368,130,111,286,1866,627,606
특수학급,2020,전남,44,337,129,94,138,1417,498,486
특수학급,2020,전북,36,253,87,62,124,999,335,326
특수학급,2020,제주,9,77,28,23,33,437,141,140
특수학급,2020,충남,79,375,144,116,314,1688,595,630
특수학급,2020,충북,54,251,101,78,213,1054,418,446
특수학급,2021,강원,31,219,80,58,131,940,323,293
특수학급,2021,경기,396,1578,680,544,1377,7454,2871,2985
특수학급,2021,경남,75,492,208,137,272,2228,892,749
특수학급,2021,경북,31,386,149,110,110,1530,567,568
특수학급,2021,광주,21,166,64,50,87,793,279,276
특수학급,2021,대구,38,256,94,75,146,1052,413,452
특수학급,2021,대전,54,178,86,60,197,843,357,352
특수학급,2021,부산,42,342,124,92,159,1617,537,565
특수학급,2021,서울,126,774,302,266,421,3343,1352,1242
특수학급,2021,세종,32,58,25,14,120,223,72,64
특수학급,2021,울산,37,156,64,47,144,767,307,244
특수학급,2021,인천,87,384,135,109,305,1879,672,564
특수학급,2021,전남,47,353,135,91,155,1449,526,463
특수학급,2021,전북,51,259,89,63,181,1079,383,325
특수학급,2021,제주,12,80,31,22,53,463,149,157
특수학급,2021,충남,84,388,150,116,333,1709,648,606
특수학급,2021,충북,64,261,102,78,253,1115,407,458
특수학교,2010,강원,8,56,41,50,22,255,261,325
특수학교,2010,경기,55,206,126,121,177,1194,915,1031
특수학교,2010,경남,8,80,66,66,29,372,357,401
특수학교,2010,경북,8,78,53,65,29,410,339,477
특수학교,2010,광주,2,58,49,42,5,288,267,290
특수학교,2010,대구,6,88,60,67,15,472,396,460
특수학교,2010,대전,7,42,21,27,24,215,165,236
특수학교,2010,부산,32,90,68,70,115,465,429,523
특수학교,2010,서울,66,283,173,196,200,1580,1286,1518
특수학교,2010,울산,3,34,28,23,5,156,143,142
특수학교,2010,인천,8,73,50,50,31,301,322,389
특수학교,2010,전남,6,48,29,32,16,270,234,318
특수학교,2010,전북,10,62,36,39,33,346,289,367
특수학교,2010,제주,4,31,27,26,6,152,127,136
특수학교,2010,충남,10,53,32,43,31,252,191,298
특수학교,2010,충북,17,72,55,58,56,367,324,398
특수학교,2011,강원,8,52,43,49,30,236,270,331
특수학교,2011,경기,66,234,141,136,176,1270,900,1051
특수학교,2011,경남,9,71,59,68,32,382,373,444
특수학교,2011,경북,6,76,56,68,15,386,352,463
특수학교,2011,광주,2,54,48,49,7,288,287,319
특수학교,2011,대구,7,83,54,64,15,492,363,491
특수학교,2011,대전,7,39,22,26,25,205,180,228
특수학교,2011,부산,29,93,65,77,118,488,399,519
특수학교,2011,서울,59,265,175,190,198,1521,1269,1565
특수학교,2011,울산,4,32,24,21,9,163,132,150
특수학교,2011,인천,9,56,46,53,30,306,326,417
특수학교,2011,전남,6,43,25,32,12,271,226,312
특수학교,2011,전북,10,68,39,45,30,374,309,432
특수학교,2011,제주,3,25,24,26,4,135,127,149
특수학교,2011,충남,10,48,37,42,27,240,226,294
특수학교,2011,충북,17,71,57,59,55,358,340,388
특수학교,2012,강원,8,52,44,57,31,208,233,373
특수학교,2012,경기,57,230,144,145,187,1250,900,1037
특수학교,2012,경남,10,78,69,82,34,379,359,470
특수학교,2012,경북,7,75,59,67,25,360,350,445
특수학교,2012,광주,2,52,49,53,8,263,261,343
특수학교,2012,대구,5,89,62,71,10,462,367,470
특수학교,2012,대전,9,48,28,28,38,231,213,241
특수학교,2012,부산,27,99,69,72,114,476,422,485
특수학교,2012,서울,59,279,183,201,210,1452,1268,1514
특수학교,2012,울산,4,38,26,26,11,162,129,158
특수학교,2012,인천,9,77,51,56,34,317,336,413
특수학교,2012,전남,6,45,29,35,13,249,222,288
특수학교,2012,전북,13,71,44,47,44,356,326,410
특수학교,2012,제주,3,29,24,32,5,119,125,159
특수학교,2012,충남,7,53,41,47,21,228,231,305
특수학교,2012,충북,15,73,57,60,47,351,325,394
특수학교,2013,강원,8,47,45,57,28,181,250,370
특수학교,2013,경기,59,255,159,154,189,1313,987,1051
특수학교,2013,경남,8,88,71,84,26,393,372,478
특수학교,2013,경북,7,70,63,67,28,336,355,432
특수학교,2013,광주,2,58,52,62,10,260,272,363
특수학교,2013,대구,5,86,66,68,17,430,387,454
특수학교,2013,대전,12,46,32,32,43,222,231,267
특수학교,2013,부산,28,100,82,85,121,461,428,542
특수학교,2013,서울,59,274,188,200,213,1375,1245,1487
특수학교,2013,울산,4,37,26,29,14,155,125,171
특수학교,2013,인천,9,75,53,57,44,290,343,424
특수학교,2013,전남,6,53,33,40,12,264,258,309
특수학교,2013,전북,13,76,48,54,45,324,337,410
특수학교,2013,제주,2,25,28,28,4,108,133,139
특수학교,2013,충남,6,50,47,41,26,203,252,261
특수학교,2013,충북,14,72,57,62,49,318,318,397
특수학교,2014,강원,7,45,47,59,16,186,257,358
특수학교,2014,경기,63,269,173,174,199,1329,1032,1051
특수학교,2014,경남,7,86,77,82,17,391,388,472
특수학교,2014,경북,10,77,62,71,26,357,341,453
특수학교,2014,광주,3,56,51,63,11,245,267,359
특수학교,2014,대구,6,84,69,66,18,409,394,415
특수학교,2014,대전,10,46,32,35,36,222,223,292
특수학교,2014,부산,30,101,85,80,131,439,470,498
특수학교,2014,서울,55,267,193,205,187,1336,1219,1430
특수학교,2014,울산,3,38,31,30,12,171,149,165
특수학교,2014,인천,9,76,54,58,42,303,369,422
특수학교,2014,전남,6,53,39,41,20,266,265,281
특수학교,2014,전북,14,75,50,54,48,297,346,400
특수학교,2014,제주,2,26,26,26,3,114,118,142
특수학교,2014,충남,6,48,43,44,25,201,213,279
특수학교,2014,충북,14,68,55,63,46,290,307,431
특수학교,2015,강원,7,48,44,56,20,167,227,318
특수학교,2015,경기,62,259,172,171,200,1330,1014,1087
특수학교,2015,경남,8,91,78,77,25,385,387,453
특수학교,2015,경북,11,76,61,70,38,339,339,443
특수학교,2015,광주,3,59,47,62,9,261,243,357
특수학교,2015,대구,7,97,72,73,22,438,393,442
특수학교,2015,대전,12,46,31,37,31,210,224,304
특수학교,2015,부산,30,105,80,89,133,465,431,540
특수학교,2015,서울,51,262,188,215,207,1278,1177,1444
특수학교,2015,울산,4,46,33,33,10,176,151,169
특수학교,2015,인천,8,73,51,61,38,306,331,453
특수학교,2015,전남,7,49,37,43,22,270,255,323
특수학교,2015,전북,13,72,50,56,45,264,329,427
특수학교,2015,제주,3,28,28,25,4,119,116,137
특수학교,2015,충남,7,48,40,44,31,188,213,261
특수학교,2015,충북,14,67,56,65,48,276,312,423
특수학교,2016,강원,7,52,42,55,25,171,206,313
특수학교,2016,경기,65,275,183,183,222,1426,1039,1134
특수학교,2016,경남,9,90,75,76,26,385,363,456
특수학교,2016,경북,11,76,60,73,38,344,321,446
특수학교,2016,광주,2,58,44,63,8,247,212,356
특수학교,2016,대구,8,91,73,80,28,428,385,478
특수학교,2016,대전,11,46,32,40,29,227,213,312
특수학교,2016,부산,32,106,75,87,141,482,386,507
특수학교,2016,서울,52,255,185,216,209,1242,1101,1405
특수학교,2016,세종,1,5,4,3,5,19,16,11
특수학교,2016,울산,5,46,36,33,12,179,158,158
특수학교,2016,인천,8,79,49,60,32,319,302,424
특수학교,2016,전남,7,59,36,47,19,266,226,347
특수학교,2016,전북,14,69,45,54,48,266,298,413
특수학교,2016,제주,3,31,25,26,6,130,112,145
특수학교,2016,충남,9,47,42,47,34,188,211,284
특수학교,2016,충북,16,67,53,63,56,266,269,388
특수학교,2017,강원,7,54,39,53,22,163,189,304
특수학교,2017,경기,66,287,189,188,218,1503,1040,1172
특수학교,2017,경남,8,98,68,86,27,407,341,462
특수학교,2017,경북,13,74,60,68,34,319,303,400
특수학교,2017,광주,4,57,42,60,11,261,191,343
특수학교,2017,대구,7,88,70,76,24,434,373,474
특수학교,2017,대전,12,46,36,39,33,233,220,295
특수학교,2017,부산,30,108,70,91,132,517,351,541
특수학교,2017,서울,55,251,175,207,217,1286,971,1352
특수학교,2017,세종,3,7,6,4,9,26,27,20
특수학교,2017,울산,5,50,38,32,10,189,174,178
특수학교,2017,인천,8,72,48,64,31,362,291,420
특수학교,2017,전남,7,61,42,47,19,258,250,367
특수학교,2017,전북,15,64,46,59,55,261,289,403
특수학교,2017,제주,3,33,25,24,5,143,118,127
특수학교,2017,충남,9,46,42,46,34,199,216,267
특수학교,2017,충북,21,78,51,64,67,295,241,364
특수학교,2018,강원,7,55,40,52,19,175,182,286
특수학교,2018,경기,61,291,191,188,205,1591,1044,1138
특수학교,2018,경남,7,104,65,84,22,428,317,468
특수학교,2018,경북,12,78,57,65,37,335,292,391
특수학교,2018,광주,4,65,42,59,14,293,206,323
특수학교,2018,대구,5,90,68,76,16,440,371,458
특수학교,2018,대전,12,45,36,40,31,233,207,274
특수학교,2018,부산,29,112,74,82,128,542,381,480
특수학교,2018,서울,59,255,171,201,232,1320,940,1214
특수학교,2018,세종,3,9,7,4,13,42,33,20
특수학교,2018,울산,3,49,39,35,8,189,169,185
특수학교,2018,인천,11,95,57,65,48,443,322,391
특수학교,2018,전남,8,62,43,50,18,268,249,315
특수학교,2018,전북,14,66,55,60,50,242,253,383
특수학교,2018,제주,3,35,26,25,8,157,105,130
특수학교,2018,충남,10,61,47,47,38,234,219,252
특수학교,2018,충북,19,82,52,67,57,313,244,368
특수학교,2019,강원,6,56,40,48,17,181,161,253
특수학교,2019,경기,66,305,190,194,222,1701,1027,1157
특수학교,2019,경남,9,108,74,84,30,438,344,449
특수학교,2019,경북,12,80,57,61,43,353,276,381
특수학교,2019,광주,9,69,43,54,18,322,214,292
특수학교,2019,대구,4,94,63,76,9,453,336,431
특수학교,2019,대전,12,48,32,42,36,240,177,268
특수학교,2019,부산,31,116,76,76,117,589,379,445
특수학교,2019,서울,60,265,170,194,228,1383,886,1143
특수학교,2019,세종,2,9,7,7,6,43,31,38
특수학교,2019,울산,4,54,38,37,8,213,165,189
특수학교,2019,인천,12,104,58,66,38,504,310,374
특수학교,2019,전남,7,63,45,50,19,289,248,292
특수학교,2019,전북,16,65,52,59,57,251,234,346
특수학교,2019,제주,3,37,21,26,8,167,96,118
특수학교,2019,충남,8,65,45,49,31,271,209,255
특수학교,2019,충북,15,91,51,62,42,353,226,338
특수학교,2020,강원,7,57,39,45,17,193,155,231
특수학교,2020,경기,67,307,193,194,228,1716,1068,1138
특수학교,2020,경남,10,110,80,78,32,458,357,412
특수학교,2020,경북,12,78,59,62,38,330,311,363
특수학교,2020,광주,9,71,49,51,19,332,235,263
특수학교,2020,대구,4,101,61,74,12,472,317,418
특수학교,2020,대전,9,49,32,43,16,239,174,258
특수학교,2020,부산,32,125,78,71,112,619,385,402
특수학교,2020,서울,65,286,186,195,234,1499,917,1055
특수학교,2020,세종,1,11,5,7,4,55,23,40
특수학교,2020,울산,4,55,35,38,8,212,145,187
특수학교,2020,인천,9,123,64,65,33,597,319,356
특수학교,2020,전남,6,63,44,53,19,300,246,311
특수학교,2020,전북,16,65,47,60,59,276,225,329
특수학교,2020,제주,4,37,24,26,13,163,113,117
특수학교,2020,충남,8,69,44,55,29,298,208,267
특수학교,2020,충북,14,99,51,60,45,384,232,306
특수학교,2021,강원,6,57,41,44,11,190,172,223
특수학교,2021,경기,70,329,203,200,232,1869,1142,1157
특수학교,2021,경남,10,117,80,79,28,483,381,406
특수학교,2021,경북,10,78,59,60,27,337,306,352
특수학교,2021,광주,10,71,53,51,24,324,253,273
특수학교,2021,대구,6,118,70,75,20,589,336,412
특수학교,2021,대전,13,54,37,42,29,266,189,238
특수학교,2021,부산,32,127,80,71,114,650,419,419
특수학교,2021,서울,63,295,183,194,217,1574,955,1026
특수학교,2021,세종,2,16,4,6,8,72,22,39
특수학교,2021,울산,4,51,33,38,14,203,148,179
특수학교,2021,인천,10,129,73,66,40,638,374,374
특수학교,2021,전남,6,63,45,50,16,297,249,318
특수학교,2021,전북,16,65,48,56,56,289,233,304
특수학교,2021,제주,4,41,26,28,17,174,117,111
특수학교,2021,충남,10,78,48,51,35,343,221,251
특수학교,2021,충북,16,104,52,54,39,406,233,283
